,ANN_generations,ANN_time,SNN_generations,SNN_time
0,0,1.6972155570983887,0,1.0972204208374023
1,0,1.8308887481689453,0,1.0531928539276123
2,0,3.2519030570983887,0,1.0871028900146484
3,0,1.6923956871032715,0,1.1335408687591553
4,0,1.8697960376739502,0,1.0961294174194336
5,0,1.67380952835083,0,1.1132047176361084
6,0,1.6895339488983154,0,1.1341547966003418
7,0,1.6621804237365723,0,1.1385290622711182
8,0,1.6993486881256104,0,1.1159136295318604
9,0,1.794508457183838,0,1.1759963035583496
